{
 "Chatswood": [
  -33.797481,
  151.180939
 ],
 "Artarmon": [
  -33.808856,
  151.185143
 ],
 "St Leonards": [
  -33.822438,
  151.194193
 ],
 "Wollstonecraft": [
  -33.831713,
  151.191728
 ],
 "Waverton": [
  -33.838092,
  151.197647
 ],
 "North Sydney": [
  -33.841215,
  151.207464
 ],
 "Milsons Point": [
  -33.845863,
  151.211791
 ],
 "Wynyard": [
  -33.86599,
  151.20581
 ]
}